<?xml version="1.0" encoding="UTF-8"?>
<project-private xmlns="http://www.netbeans.org/ns/project-private/1">
    <editor-bookmarks xmlns="http://www.netbeans.org/ns/editor-bookmarks/1"/>
    <editor-bookmarks xmlns="http://www.netbeans.org/ns/editor-bookmarks/2" lastBookmarkId="0"/>
    <open-files xmlns="http://www.netbeans.org/ns/projectui-open-files/2">
        <group>
            <file>file:/C:/Users/Joey/Documents/,APCS%20Jr/HW/Zoo/src/zoo/src/AbstractAnimal.java</file>
            <file>file:/C:/Users/Joey/Documents/,APCS%20Jr/HW/Zoo/src/zoo/src/Util.java</file>
            <file>file:/C:/Users/Joey/Documents/,APCS%20Jr/HW/Zoo/src/zoo/src/AntEater.java</file>
            <file>file:/C:/Users/Joey/Documents/,APCS%20Jr/HW/Zoo/src/zoo/src/Spawner.java</file>
            <file>file:/C:/Users/Joey/Documents/,APCS%20Jr/HW/Zoo/src/zoo/gui/ZooGUI.java</file>
        </group>
    </open-files>
</project-private>
